flow_id;X;Y
vent_1_grid;369115.151971;7647119.798974
